<?xml version = '1.0' encoding = 'UTF-8'?>
<Table class="oracle.dbtools.crest.model.design.relational.Table" directorySegmentName="seg_0" id="7982EAEC-3244-A403-2235-D2F909D32730" name="Member">
<createdBy>mabo0003</createdBy>
<createdTime>2021-09-14 13:37:30 UTC</createdTime>
<generatorID>1D09D134-76CE-04DA-722F-4B4A852DD245</generatorID>
<ownerDesignName>model</ownerDesignName>
<allowColumnReorder>false</allowColumnReorder>
<existDependencyGenerateInDDl>true</existDependencyGenerateInDDl>
<parsed>true</parsed>
<columns itemClass="oracle.dbtools.crest.model.design.relational.Column">
<Column name="member_id" id="5BEAFB56-99EE-961F-EF1F-7EB002F4B220">
<createdBy>mabo0003</createdBy>
<createdTime>2021-09-14 13:37:30 UTC</createdTime>
<commentInRDBMS><![CDATA[member ID]]></commentInRDBMS>
<generatorID>5F930905-DD39-98C9-ECCB-097EA51FE80E</generatorID>
<ownerDesignName>model</ownerDesignName>
<useDomainConstraints>false</useDomainConstraints>
<use>1</use>
<logicalDatatype>LOGDT019</logicalDatatype>
<dataTypePrecision>4</dataTypePrecision>
<ownDataTypeParameters>,4,</ownDataTypeParameters>
<autoIncrementCycle>false</autoIncrementCycle>
</Column>
<Column name="member_fname" id="894D910F-76D3-BF49-DD3C-479B393F620D">
<createdBy>mabo0003</createdBy>
<createdTime>2021-09-14 13:37:30 UTC</createdTime>
<commentInRDBMS><![CDATA[first name]]></commentInRDBMS>
<generatorID>D9C04D32-701F-7F57-26F9-997223675CF9</generatorID>
<ownerDesignName>model</ownerDesignName>
<nullsAllowed>true</nullsAllowed>
<useDomainConstraints>false</useDomainConstraints>
<use>1</use>
<logicalDatatype>LOGDT024</logicalDatatype>
<dataTypeSize>10</dataTypeSize>
<ownDataTypeParameters>10,,</ownDataTypeParameters>
<autoIncrementCycle>false</autoIncrementCycle>
</Column>
<Column name="member_lname" id="F7B1F8E5-A12A-7CD2-5D9A-258B9CF93B91">
<createdBy>mabo0003</createdBy>
<createdTime>2021-09-14 13:37:30 UTC</createdTime>
<commentInRDBMS><![CDATA[last name]]></commentInRDBMS>
<generatorID>1943C6CC-5BEA-6BCC-BB4A-099922FD3BDF</generatorID>
<ownerDesignName>model</ownerDesignName>
<nullsAllowed>true</nullsAllowed>
<useDomainConstraints>false</useDomainConstraints>
<use>1</use>
<logicalDatatype>LOGDT024</logicalDatatype>
<dataTypeSize>10</dataTypeSize>
<ownDataTypeParameters>10,,</ownDataTypeParameters>
<autoIncrementCycle>false</autoIncrementCycle>
</Column>
<Column name="memberr_address" id="1429BEB4-3B02-CBD5-58FC-E837119DAD37">
<createdBy>mabo0003</createdBy>
<createdTime>2021-09-14 13:37:30 UTC</createdTime>
<commentInRDBMS><![CDATA[address]]></commentInRDBMS>
<generatorID>0081AADE-12CD-6373-328C-B907CDF30285</generatorID>
<ownerDesignName>model</ownerDesignName>
<useDomainConstraints>false</useDomainConstraints>
<use>1</use>
<logicalDatatype>LOGDT024</logicalDatatype>
<dataTypeSize>50</dataTypeSize>
<ownDataTypeParameters>50,,</ownDataTypeParameters>
<autoIncrementCycle>false</autoIncrementCycle>
</Column>
<Column name="member_phone" id="D3334357-A1EF-974F-1394-4554926F925B">
<createdBy>mabo0003</createdBy>
<createdTime>2021-09-14 13:37:30 UTC</createdTime>
<commentInRDBMS><![CDATA[phone number]]></commentInRDBMS>
<generatorID>4664238E-B793-2090-ABAD-06D64E84856E</generatorID>
<ownerDesignName>model</ownerDesignName>
<useDomainConstraints>false</useDomainConstraints>
<use>1</use>
<logicalDatatype>LOGDT019</logicalDatatype>
<dataTypePrecision>8</dataTypePrecision>
<ownDataTypeParameters>,8,</ownDataTypeParameters>
<autoIncrementCycle>false</autoIncrementCycle>
</Column>
<Column name="member_join_date" id="E7FABDA8-765B-AE0C-F029-CE99753D744F">
<createdBy>mabo0003</createdBy>
<createdTime>2021-09-14 13:37:30 UTC</createdTime>
<commentInRDBMS><![CDATA[date the memberr joined]]></commentInRDBMS>
<generatorID>74C5547F-6669-E25E-106F-00853FF42289</generatorID>
<ownerDesignName>model</ownerDesignName>
<useDomainConstraints>false</useDomainConstraints>
<use>1</use>
<logicalDatatype>LOGDT007</logicalDatatype>
<ownDataTypeParameters>,,</ownDataTypeParameters>
<autoIncrementCycle>false</autoIncrementCycle>
</Column>
<Column name="centre_id" id="87852345-3401-625B-0FAE-306D16B6EB37">
<createdBy>mabo0003</createdBy>
<createdTime>2021-09-14 13:37:30 UTC</createdTime>
<commentInRDBMS><![CDATA[Centre ID]]></commentInRDBMS>
<generatorID>C5CF0B17-E575-C9A8-63CA-698659C58F06</generatorID>
<ownerDesignName>model</ownerDesignName>
<useDomainConstraints>false</useDomainConstraints>
<use>1</use>
<logicalDatatype>LOGDT019</logicalDatatype>
<dataTypePrecision>3</dataTypePrecision>
<dataTypeSize>3</dataTypeSize>
<ownDataTypeParameters>3,,</ownDataTypeParameters>
<previousColumn>false</previousColumn>
<autoIncrementCycle>false</autoIncrementCycle>
<associations>
<colAssociation fkAssociation="42264471-9304-8A4D-9388-573210FCE238" referredColumn="C776DBAB-C975-C567-EAB1-01E878C6AA56"/>
</associations>
</Column>
</columns>
<indexes itemClass="oracle.dbtools.crest.model.design.relational.Index">
<ind_PK_UK id="560082D3-2CBD-77CE-8A22-5F088F0CC46B" name="Member_PK">
<createdBy>mabo0003</createdBy>
<createdTime>2021-09-14 13:37:30 UTC</createdTime>
<generatorID>351C3BEB-EC8F-613D-2767-0E7DD6A36BA6</generatorID>
<ownerDesignName>model</ownerDesignName>
<pk>true</pk>
<indexState>Primary Constraint</indexState>
<isSurrogateKey>false</isSurrogateKey>
<indexColumnUsage>
<colUsage columnID="5BEAFB56-99EE-961F-EF1F-7EB002F4B220"/>
</indexColumnUsage>
</ind_PK_UK>
<ind_PK_UK id="7135F1A0-3682-9A20-C9CD-C80F2FFD3FE9" name="CENTRE_MEMBER">
<createdBy>mabo0003</createdBy>
<createdTime>2021-09-14 13:37:30 UTC</createdTime>
<generatorID>791DBE8F-31A8-A9BA-F149-E5F35095F8DC</generatorID>
<ownerDesignName>model</ownerDesignName>
<indexState>Foreign Key</indexState>
<isSurrogateKey>false</isSurrogateKey>
<indexColumnUsage>
<colUsage columnID="87852345-3401-625B-0FAE-306D16B6EB37"/>
</indexColumnUsage>
</ind_PK_UK>
</indexes>
</Table>
