<?xml version = '1.0' encoding = 'UTF-8'?>
<Table class="oracle.dbtools.crest.model.design.relational.Table" directorySegmentName="seg_0" id="EBB83993-1027-5999-0F53-39B2B2194CF1" name="Class_Description">
<createdBy>mabo0003</createdBy>
<createdTime>2021-09-14 13:37:30 UTC</createdTime>
<generatorID>F45E9F27-838B-6419-B693-1B6F3C53E2FF</generatorID>
<ownerDesignName>model</ownerDesignName>
<allowColumnReorder>false</allowColumnReorder>
<existDependencyGenerateInDDl>true</existDependencyGenerateInDDl>
<parsed>true</parsed>
<columns itemClass="oracle.dbtools.crest.model.design.relational.Column">
<Column name="class_type" id="B333DD63-DA4B-5C3D-56D8-7EE4001BC57D">
<createdBy>mabo0003</createdBy>
<createdTime>2021-09-14 13:37:30 UTC</createdTime>
<commentInRDBMS><![CDATA[type of class]]></commentInRDBMS>
<generatorID>D8B88A26-BEB1-5CE3-E16E-4489FE627751</generatorID>
<ownerDesignName>model</ownerDesignName>
<useDomainConstraints>false</useDomainConstraints>
<use>1</use>
<logicalDatatype>LOGDT024</logicalDatatype>
<dataTypeSize>8</dataTypeSize>
<ownDataTypeParameters>8,,</ownDataTypeParameters>
<autoIncrementCycle>false</autoIncrementCycle>
</Column>
<Column name="class_desc" id="6BAA856C-3DE3-5E42-C04D-EFD010CCC33C">
<createdBy>mabo0003</createdBy>
<createdTime>2021-09-14 13:37:30 UTC</createdTime>
<commentInRDBMS><![CDATA[descriptioon of class]]></commentInRDBMS>
<generatorID>FBA4DF2E-4194-34A6-0401-ECD423C012AC</generatorID>
<ownerDesignName>model</ownerDesignName>
<useDomainConstraints>false</useDomainConstraints>
<use>1</use>
<logicalDatatype>LOGDT024</logicalDatatype>
<dataTypeSize>20</dataTypeSize>
<ownDataTypeParameters>20,,</ownDataTypeParameters>
<autoIncrementCycle>false</autoIncrementCycle>
</Column>
</columns>
<indexes itemClass="oracle.dbtools.crest.model.design.relational.Index">
<ind_PK_UK id="06A89569-C6EA-EDFE-6008-B7DD7DDE9AAB" name="Class_Description_PK">
<createdBy>mabo0003</createdBy>
<createdTime>2021-09-14 13:37:30 UTC</createdTime>
<generatorID>47FB6664-80CB-D563-3FF2-AFB5A9A45790</generatorID>
<ownerDesignName>model</ownerDesignName>
<pk>true</pk>
<indexState>Primary Constraint</indexState>
<isSurrogateKey>false</isSurrogateKey>
<indexColumnUsage>
<colUsage columnID="B333DD63-DA4B-5C3D-56D8-7EE4001BC57D"/>
</indexColumnUsage>
</ind_PK_UK>
</indexes>
</Table>
