<?xml version = '1.0' encoding = 'UTF-8'?>
<Diagram class="oracle.dbtools.crest.swingui.relational.DPVRelational" name="Relational_1" id="C21B13D2-8115-13FE-B7BF-718659CDA50E">
<createdBy>mabo0003</createdBy>
<modifiedBy>mabo0003</modifiedBy>
<createdTime>2021-09-12 20:28:11 UTC</createdTime>
<autoRoute>false</autoRoute>
<boxInbox>true</boxInbox>
<showLegend>false</showLegend>
<showLabels>false</showLabels>
<showRelAttributes>false</showRelAttributes>
<gridEnabled>false</gridEnabled>
<showGrid>false</showGrid>
<diagramColor>-1</diagramColor>
<display>false</display>
<notation>1</notation>
<objectViews>
<OView class="oracle.dbtools.crest.swingui.relational.TVTable" oid="119EFC5A-7BB6-E761-5CDE-E120B49370CF" otype="Table" vid="3CD4ECF9-63B2-4FEE-0613-84C04C3E5BED">
<hideElementsInCurrentOnly>false</hideElementsInCurrentOnly>
<bounds x="860" y="460" width="218" height="194"/>
</OView>
<OView class="oracle.dbtools.crest.swingui.relational.TVTable" oid="29897FE6-DB29-B117-E65B-5180F8B3C3E0" otype="Table" vid="B5FA902C-36DA-1851-99FF-48422BCFD747">
<hideElementsInCurrentOnly>false</hideElementsInCurrentOnly>
<bounds x="635" y="137" width="243" height="209"/>
</OView>
<OView class="oracle.dbtools.crest.swingui.relational.TVTable" oid="5AF336D9-B727-EF62-80CF-40EA481A1FCA" otype="Table" vid="84179D8B-4C41-8E84-BB33-67F6FEE99E8E">
<hideElementsInCurrentOnly>false</hideElementsInCurrentOnly>
<bounds x="601" y="388" width="238" height="179"/>
</OView>
<OView class="oracle.dbtools.crest.swingui.relational.TVTable" oid="61BABB19-4F2D-6008-3058-889475B6CA6D" otype="Table" vid="69AA1A34-8478-7B7F-A242-6EF7E1524C5D">
<hideElementsInCurrentOnly>false</hideElementsInCurrentOnly>
<bounds x="80" y="226" width="238" height="180"/>
</OView>
<OView class="oracle.dbtools.crest.swingui.relational.TVTable" oid="62B3D385-61F6-4410-AF26-BD1283B1AF05" otype="Table" vid="5B8ECC8D-5C35-2CC1-E615-C58F4F49AF76">
<hideElementsInCurrentOnly>false</hideElementsInCurrentOnly>
<bounds x="205" y="0" width="208" height="192"/>
</OView>
<OView class="oracle.dbtools.crest.swingui.relational.TVTable" oid="7982EAEC-3244-A403-2235-D2F909D32730" otype="Table" vid="30435028-86D3-5161-DA93-3C50C25E96FF">
<hideElementsInCurrentOnly>false</hideElementsInCurrentOnly>
<bounds x="205" y="519" width="223" height="163"/>
</OView>
<OView class="oracle.dbtools.crest.swingui.relational.TVTable" oid="A26B5A98-189D-9E6D-F8DA-A8C724D42CF8" otype="Table" vid="E0C9A4E2-EFF4-489C-1609-91A7B25E7D1F">
<hideElementsInCurrentOnly>false</hideElementsInCurrentOnly>
<bounds x="956" y="0" width="188" height="182"/>
</OView>
<OView class="oracle.dbtools.crest.swingui.relational.TVTable" oid="AD831951-AF08-9439-312C-E9F8378311F1" otype="Table" vid="FF22EEC8-112A-CC8D-7737-21CE2D6B2325">
<hideElementsInCurrentOnly>false</hideElementsInCurrentOnly>
<bounds x="905" y="255" width="214" height="135"/>
</OView>
<OView class="oracle.dbtools.crest.swingui.relational.TVTable" oid="CCCF24F0-A174-F2C6-6C59-F4B97CC43D0F" otype="Table" vid="C073B11D-8154-776E-9249-B60C749D3271">
<hideElementsInCurrentOnly>false</hideElementsInCurrentOnly>
<bounds x="0" y="117" width="181" height="75"/>
</OView>
<OView class="oracle.dbtools.crest.swingui.relational.TVTable" oid="CEC70390-B502-8889-63EF-74C3CB79A542" otype="Table" vid="1045D594-4538-DE32-C89C-5E16F901494C">
<hideElementsInCurrentOnly>false</hideElementsInCurrentOnly>
<bounds x="336" y="228" width="212" height="173"/>
</OView>
<OView class="oracle.dbtools.crest.swingui.relational.TVTable" oid="EBB83993-1027-5999-0F53-39B2B2194CF1" otype="Table" vid="9436364C-4731-2F9C-98A5-0C135BF9CE86">
<hideElementsInCurrentOnly>false</hideElementsInCurrentOnly>
<bounds x="427" y="122" width="189" height="72"/>
</OView>
</objectViews>
<connectors>
<Connector class="oracle.dbtools.crest.swingui.relational.TVFKRelation" oid="0AAC8ED0-D104-C908-1A4A-C847BA6369A7" otype="FKIndexAssociation" vid_source="5B8ECC8D-5C35-2CC1-E615-C58F4F49AF76" vid_target="69AA1A34-8478-7B7F-A242-6EF7E1524C5D">
<hideElementsInCurrentOnly>false</hideElementsInCurrentOnly>
<backgroundColor>-16777216</backgroundColor>
<lineWidth>1</lineWidth>
<points>
<point x="261" y="192"/>
<point x="261" y="226"/>
</points>
</Connector>
<Connector class="oracle.dbtools.crest.swingui.relational.TVFKRelation" oid="0B5306E6-EC8F-95F2-6031-2C993B7745D4" otype="FKIndexAssociation" vid_source="B5FA902C-36DA-1851-99FF-48422BCFD747" vid_target="84179D8B-4C41-8E84-BB33-67F6FEE99E8E">
<hideElementsInCurrentOnly>false</hideElementsInCurrentOnly>
<backgroundColor>-16777216</backgroundColor>
<lineWidth>1</lineWidth>
<points>
<point x="737" y="346"/>
<point x="737" y="388"/>
</points>
</Connector>
<Connector class="oracle.dbtools.crest.swingui.relational.TVFKRelation" oid="0D878F7A-725A-079F-B245-3DD01C82C346" otype="FKIndexAssociation" vid_source="B5FA902C-36DA-1851-99FF-48422BCFD747" vid_target="1045D594-4538-DE32-C89C-5E16F901494C">
<hideElementsInCurrentOnly>false</hideElementsInCurrentOnly>
<backgroundColor>-16777216</backgroundColor>
<lineWidth>1</lineWidth>
<points>
<point x="635" y="287"/>
<point x="548" y="287"/>
</points>
</Connector>
<Connector class="oracle.dbtools.crest.swingui.relational.TVFKRelation" oid="0F26C11B-217D-903A-E81F-D4C268F125A1" otype="FKIndexAssociation" vid_source="B5FA902C-36DA-1851-99FF-48422BCFD747" vid_target="3CD4ECF9-63B2-4FEE-0613-84C04C3E5BED">
<hideElementsInCurrentOnly>false</hideElementsInCurrentOnly>
<backgroundColor>-16777216</backgroundColor>
<lineWidth>1</lineWidth>
<points>
<point x="869" y="346"/>
<point x="869" y="460"/>
</points>
</Connector>
<Connector class="oracle.dbtools.crest.swingui.relational.TVFKRelation" oid="2D641B37-D635-A0EA-8A8C-81E1C9DA64FB" otype="FKIndexAssociation" vid_source="FF22EEC8-112A-CC8D-7737-21CE2D6B2325" vid_target="B5FA902C-36DA-1851-99FF-48422BCFD747">
<hideElementsInCurrentOnly>false</hideElementsInCurrentOnly>
<backgroundColor>-16777216</backgroundColor>
<lineWidth>1</lineWidth>
<points>
<point x="905" y="300"/>
<point x="878" y="300"/>
</points>
</Connector>
<Connector class="oracle.dbtools.crest.swingui.relational.TVFKRelation" oid="3671509B-52EE-F3E3-22CF-828F6CA12CDC" otype="FKIndexAssociation" vid_source="5B8ECC8D-5C35-2CC1-E615-C58F4F49AF76" vid_target="1045D594-4538-DE32-C89C-5E16F901494C">
<hideElementsInCurrentOnly>false</hideElementsInCurrentOnly>
<backgroundColor>-16777216</backgroundColor>
<lineWidth>1</lineWidth>
<points>
<point x="374" y="192"/>
<point x="374" y="228"/>
</points>
</Connector>
<Connector class="oracle.dbtools.crest.swingui.relational.TVFKRelation" oid="3EF0F389-018C-B28D-265A-A5847F7710EE" otype="FKIndexAssociation" vid_source="E0C9A4E2-EFF4-489C-1609-91A7B25E7D1F" vid_target="FF22EEC8-112A-CC8D-7737-21CE2D6B2325">
<hideElementsInCurrentOnly>false</hideElementsInCurrentOnly>
<backgroundColor>-16777216</backgroundColor>
<lineWidth>1</lineWidth>
<points>
<point x="1037" y="141"/>
<point x="1037" y="255"/>
</points>
</Connector>
<Connector class="oracle.dbtools.crest.swingui.relational.TVFKRelation" oid="42264471-9304-8A4D-9388-573210FCE238" otype="FKIndexAssociation" vid_source="E0C9A4E2-EFF4-489C-1609-91A7B25E7D1F" vid_target="30435028-86D3-5161-DA93-3C50C25E96FF">
<hideElementsInCurrentOnly>false</hideElementsInCurrentOnly>
<backgroundColor>-16777216</backgroundColor>
<lineWidth>1</lineWidth>
<points>
<point x="977" y="122"/>
<point x="428" y="673"/>
</points>
</Connector>
<Connector class="oracle.dbtools.crest.swingui.relational.TVFKRelation" oid="43923DEB-12E1-D4C7-A29F-BD89CCB3A2D3" otype="FKIndexAssociation" vid_source="30435028-86D3-5161-DA93-3C50C25E96FF" vid_target="3CD4ECF9-63B2-4FEE-0613-84C04C3E5BED">
<hideElementsInCurrentOnly>false</hideElementsInCurrentOnly>
<backgroundColor>-16777216</backgroundColor>
<lineWidth>1</lineWidth>
<points>
<point x="428" y="586"/>
<point x="860" y="586"/>
</points>
</Connector>
<Connector class="oracle.dbtools.crest.swingui.relational.TVFKRelation" oid="613E63A3-4ED0-91C9-9073-FA247C5126F4" otype="FKIndexAssociation" vid_source="C073B11D-8154-776E-9249-B60C749D3271" vid_target="5B8ECC8D-5C35-2CC1-E615-C58F4F49AF76">
<hideElementsInCurrentOnly>false</hideElementsInCurrentOnly>
<backgroundColor>-16777216</backgroundColor>
<lineWidth>1</lineWidth>
<points>
<point x="181" y="139"/>
<point x="205" y="139"/>
</points>
</Connector>
<Connector class="oracle.dbtools.crest.swingui.relational.TVFKRelation" oid="9B0E4E5B-1786-51AD-684D-690A909C3BE4" otype="FKIndexAssociation" vid_source="E0C9A4E2-EFF4-489C-1609-91A7B25E7D1F" vid_target="5B8ECC8D-5C35-2CC1-E615-C58F4F49AF76">
<hideElementsInCurrentOnly>false</hideElementsInCurrentOnly>
<backgroundColor>-16777216</backgroundColor>
<lineWidth>1</lineWidth>
<points>
<point x="977" y="76"/>
<point x="413" y="76"/>
</points>
</Connector>
<Connector class="oracle.dbtools.crest.swingui.relational.TVFKRelation" oid="C7A1E7DE-5F53-382E-7863-0AAE7215EDFE" otype="FKIndexAssociation" vid_source="30435028-86D3-5161-DA93-3C50C25E96FF" vid_target="84179D8B-4C41-8E84-BB33-67F6FEE99E8E">
<hideElementsInCurrentOnly>false</hideElementsInCurrentOnly>
<backgroundColor>-16777216</backgroundColor>
<lineWidth>1</lineWidth>
<points>
<point x="428" y="543"/>
<point x="601" y="543"/>
</points>
</Connector>
<Connector class="oracle.dbtools.crest.swingui.relational.TVFKRelation" oid="D1A87794-7D45-F0C8-40DB-5CA948773574" otype="FKIndexAssociation" vid_source="9436364C-4731-2F9C-98A5-0C135BF9CE86" vid_target="B5FA902C-36DA-1851-99FF-48422BCFD747">
<hideElementsInCurrentOnly>false</hideElementsInCurrentOnly>
<backgroundColor>-16777216</backgroundColor>
<lineWidth>1</lineWidth>
<points>
<point x="616" y="165"/>
<point x="635" y="165"/>
</points>
</Connector>
<Connector class="oracle.dbtools.crest.swingui.relational.TVFKRelation" oid="D6AA9194-B5CD-361B-344F-473F225FF4FD" otype="FKIndexAssociation" vid_source="5B8ECC8D-5C35-2CC1-E615-C58F4F49AF76" vid_target="E0C9A4E2-EFF4-489C-1609-91A7B25E7D1F">
<hideElementsInCurrentOnly>false</hideElementsInCurrentOnly>
<backgroundColor>-16777216</backgroundColor>
<lineWidth>1</lineWidth>
<points>
<point x="413" y="61"/>
<point x="977" y="61"/>
</points>
</Connector>
<Connector class="oracle.dbtools.crest.swingui.relational.TVFKRelation" oid="F9554A12-2EF4-8A53-388A-440BDC8FD07B" otype="FKIndexAssociation" vid_source="30435028-86D3-5161-DA93-3C50C25E96FF" vid_target="69AA1A34-8478-7B7F-A242-6EF7E1524C5D">
<hideElementsInCurrentOnly>false</hideElementsInCurrentOnly>
<backgroundColor>-16777216</backgroundColor>
<lineWidth>1</lineWidth>
<points>
<point x="261" y="519"/>
<point x="261" y="406"/>
</points>
</Connector>
</connectors>
</Diagram>
