<?xml version = '1.0' encoding = 'UTF-8'?>
<Entity class="oracle.dbtools.crest.model.design.logical.Entity" directorySegmentName="seg_0" id="38D8C782-EAC0-C61A-DEDD-522E056EB4D4" name="Class Staffing">
<createdBy>mabo0003</createdBy>
<createdTime>2021-09-12 20:32:22 UTC</createdTime>
<ownerDesignName>model</ownerDesignName>
<engineerTo>
<item key="27B37CC6-12AB-79BB-C011-0CFC7C8ACD7B" value="true"/>
</engineerTo>
<adequatelyNormalized>NO</adequatelyNormalized>
<expectedVolumes>0</expectedVolumes>
<fwdEngineeringStrategyName>Single Table</fwdEngineeringStrategyName>
<growthPercent>0</growthPercent>
<growthType>Year</growthType>
<maxVolumes>9999999</maxVolumes>
<minVolumes>0</minVolumes>
<normalForm>Third</normalForm>
<attributes itemClass="oracle.dbtools.crest.model.design.logical.Attribute">
<Attribute name="class_staffing_no" id="6021ACFC-5EA1-F075-6D5A-EBF0E1454247">
<createdBy>mabo0003</createdBy>
<createdTime>2021-09-13 14:35:55 UTC</createdTime>
<commentInRDBMS><![CDATA[surrogate key]]></commentInRDBMS>
<ownerDesignName>model</ownerDesignName>
<engineerTo>
<item key="27B37CC6-12AB-79BB-C011-0CFC7C8ACD7B" value="true"/>
</engineerTo>
<useDomainConstraints>false</useDomainConstraints>
<use>1</use>
<logicalDatatype>LOGDT019</logicalDatatype>
<dataTypePrecision>4</dataTypePrecision>
<ownDataTypeParameters>,4,</ownDataTypeParameters>
</Attribute>
<Attribute name="staff_id" id="AE688945-4A66-DA92-16AE-833C6554B373">
<createdBy>mabo0003</createdBy>
<createdTime>2021-09-12 21:17:46 UTC</createdTime>
<commentInRDBMS><![CDATA[staff ID]]></commentInRDBMS>
<generatorID>F701338B-1FE7-587B-1798-DF3EADB4F304</generatorID>
<ownerDesignName>model</ownerDesignName>
<engineerTo>
<item key="27B37CC6-12AB-79BB-C011-0CFC7C8ACD7B" value="true"/>
</engineerTo>
<referedAttribute>AEF714FA-C802-7C20-5908-E2FE63471BF5</referedAttribute>
<useDomainConstraints>false</useDomainConstraints>
<use>1</use>
<logicalDatatype>LOGDT019</logicalDatatype>
<dataTypePrecision>3</dataTypePrecision>
<ownDataTypeParameters>,3,</ownDataTypeParameters>
</Attribute>
<Attribute name="class_numb" id="A3F10B71-151A-0C42-20EC-528F1D71A1CF">
<createdBy>mabo0003</createdBy>
<createdTime>2021-09-12 21:20:35 UTC</createdTime>
<commentInRDBMS><![CDATA[class number]]></commentInRDBMS>
<generatorID>4F655428-96CF-53DC-8BC8-3D27C654FC34</generatorID>
<ownerDesignName>model</ownerDesignName>
<engineerTo>
<item key="27B37CC6-12AB-79BB-C011-0CFC7C8ACD7B" value="true"/>
</engineerTo>
<referedAttribute>0DCA3F05-9729-0DB7-2009-8545E57E9F41</referedAttribute>
<useDomainConstraints>false</useDomainConstraints>
<use>1</use>
<logicalDatatype>LOGDT019</logicalDatatype>
<dataTypePrecision>3</dataTypePrecision>
<ownDataTypeParameters>,3,</ownDataTypeParameters>
</Attribute>
<Attribute name="centre_id" id="324BE0EF-716A-E00F-CF0B-C4008B7850CD">
<createdBy>mabo0003</createdBy>
<createdTime>2021-09-12 21:20:35 UTC</createdTime>
<commentInRDBMS><![CDATA[Centre ID]]></commentInRDBMS>
<generatorID>4F655428-96CF-53DC-8BC8-3D27C654FC34</generatorID>
<ownerDesignName>model</ownerDesignName>
<engineerTo>
<item key="27B37CC6-12AB-79BB-C011-0CFC7C8ACD7B" value="true"/>
</engineerTo>
<referedAttribute>54897D8A-6743-09E8-3F88-80756E4A1FD4</referedAttribute>
<useDomainConstraints>false</useDomainConstraints>
<use>1</use>
<logicalDatatype>LOGDT019</logicalDatatype>
<dataTypePrecision>3</dataTypePrecision>
<dataTypeSize>3</dataTypeSize>
<ownDataTypeParameters>3,,</ownDataTypeParameters>
</Attribute>
<Attribute name="class_start_date_time" id="BFAE5F38-63D1-07AD-19B5-EBBA318258D9">
<createdBy>mabo0003</createdBy>
<createdTime>2021-09-12 21:20:35 UTC</createdTime>
<commentInRDBMS><![CDATA[starrt date and time of class]]></commentInRDBMS>
<generatorID>4F655428-96CF-53DC-8BC8-3D27C654FC34</generatorID>
<ownerDesignName>model</ownerDesignName>
<engineerTo>
<item key="27B37CC6-12AB-79BB-C011-0CFC7C8ACD7B" value="true"/>
</engineerTo>
<referedAttribute>3AE0A4C4-8149-B460-DF3C-EE19D438A924</referedAttribute>
<useDomainConstraints>false</useDomainConstraints>
<use>1</use>
<logicalDatatype>LOGDT007</logicalDatatype>
<ownDataTypeParameters>,,</ownDataTypeParameters>
</Attribute>
<Attribute name="class_leader" id="091F5FCC-33B3-A646-1AF1-0E025A1840ED">
<createdBy>mabo0003</createdBy>
<createdTime>2021-09-12 21:16:56 UTC</createdTime>
<commentInRDBMS><![CDATA[is this staff member the class leader]]></commentInRDBMS>
<ownerDesignName>model</ownerDesignName>
<engineerTo>
<item key="27B37CC6-12AB-79BB-C011-0CFC7C8ACD7B" value="true"/>
</engineerTo>
<useDomainConstraints>false</useDomainConstraints>
<use>1</use>
<logicalDatatype>LOGDT025</logicalDatatype>
<dataTypeSize>1</dataTypeSize>
<ownDataTypeParameters>1,,</ownDataTypeParameters>
</Attribute>
</attributes>
<identifiers itemClass="oracle.dbtools.crest.model.design.logical.CandidateKey">
<identifier id="68E32214-5935-1CA8-3A3D-A87A7190A232" name="Classs Staffing PK">
<createdBy>mabo0003</createdBy>
<createdTime>2021-09-12 21:20:07 UTC</createdTime>
<ownerDesignName>model</ownerDesignName>
<shouldEngineer>false</shouldEngineer>
<engineerTo>
<item key="27B37CC6-12AB-79BB-C011-0CFC7C8ACD7B" value="false"/>
</engineerTo>
<pk>true</pk>
<usedAttributes>
<attributeRef>6021ACFC-5EA1-F075-6D5A-EBF0E1454247</attributeRef>
</usedAttributes>
</identifier>
<identifier id="7D7FD82D-357B-234E-1501-F04C40617538" name="class_staffing_NK">
<createdBy>mabo0003</createdBy>
<createdTime>2021-09-13 14:36:52 UTC</createdTime>
<ownerDesignName>model</ownerDesignName>
<shouldEngineer>false</shouldEngineer>
<engineerTo>
<item key="27B37CC6-12AB-79BB-C011-0CFC7C8ACD7B" value="false"/>
</engineerTo>
<newElementsIDs>AE688945-4A66-DA92-16AE-833C6554B373,A3F10B71-151A-0C42-20EC-528F1D71A1CF,324BE0EF-716A-E00F-CF0B-C4008B7850CD,BFAE5F38-63D1-07AD-19B5-EBBA318258D9</newElementsIDs>
<usedAttributes>
<attributeRef>AE688945-4A66-DA92-16AE-833C6554B373</attributeRef>
<attributeRef>A3F10B71-151A-0C42-20EC-528F1D71A1CF</attributeRef>
<attributeRef>324BE0EF-716A-E00F-CF0B-C4008B7850CD</attributeRef>
<attributeRef>BFAE5F38-63D1-07AD-19B5-EBBA318258D9</attributeRef>
</usedAttributes>
</identifier>
</identifiers>
</Entity>
