<?xml version = '1.0' encoding = 'UTF-8'?>
<Entity class="oracle.dbtools.crest.model.design.logical.Entity" directorySegmentName="seg_0" id="6782B4DA-1547-5E6E-4E62-7DA8AA78972E" name="Role">
<createdBy>mabo0003</createdBy>
<createdTime>2021-09-12 20:31:42 UTC</createdTime>
<ownerDesignName>model</ownerDesignName>
<engineerTo>
<item key="27B37CC6-12AB-79BB-C011-0CFC7C8ACD7B" value="true"/>
</engineerTo>
<adequatelyNormalized>NO</adequatelyNormalized>
<expectedVolumes>0</expectedVolumes>
<fwdEngineeringStrategyName>Single Table</fwdEngineeringStrategyName>
<growthPercent>0</growthPercent>
<growthType>Year</growthType>
<maxVolumes>9999999</maxVolumes>
<minVolumes>0</minVolumes>
<normalForm>Third</normalForm>
<attributes itemClass="oracle.dbtools.crest.model.design.logical.Attribute">
<Attribute name="role_id" id="5553EEC4-1D87-0472-BF6A-EF1181656DCA">
<createdBy>mabo0003</createdBy>
<createdTime>2021-09-12 20:40:14 UTC</createdTime>
<commentInRDBMS><![CDATA[role ID]]></commentInRDBMS>
<ownerDesignName>model</ownerDesignName>
<engineerTo>
<item key="27B37CC6-12AB-79BB-C011-0CFC7C8ACD7B" value="true"/>
</engineerTo>
<constraintName>chk_role</constraintName>
<useDomainConstraints>false</useDomainConstraints>
<use>1</use>
<logicalDatatype>LOGDT025</logicalDatatype>
<dataTypeSize>1</dataTypeSize>
<listOfValues>
<valueDef value="A" description="Administration"/>
<valueDef value="C" description="Cleaner"/>
<valueDef value="D" description="Instructor Dry"/>
<valueDef value="M" description="Manager"/>
<valueDef value="P" description="Instructor Pool"/>
<valueDef value="S" description="Sales"/>
<valueDef value="T" description="Security"/>
</listOfValues>
<ownDataTypeParameters>1,,</ownDataTypeParameters>
</Attribute>
<Attribute name="role_name" id="22E50C96-3CE1-6BB5-74BC-D09D9C811B0C">
<createdBy>mabo0003</createdBy>
<createdTime>2021-09-12 20:40:30 UTC</createdTime>
<commentInRDBMS><![CDATA[name of the role]]></commentInRDBMS>
<ownerDesignName>model</ownerDesignName>
<engineerTo>
<item key="27B37CC6-12AB-79BB-C011-0CFC7C8ACD7B" value="true"/>
</engineerTo>
<useDomainConstraints>false</useDomainConstraints>
<use>1</use>
<logicalDatatype>LOGDT024</logicalDatatype>
<dataTypeSize>10</dataTypeSize>
<ownDataTypeParameters>10,,</ownDataTypeParameters>
</Attribute>
</attributes>
<identifiers itemClass="oracle.dbtools.crest.model.design.logical.CandidateKey">
<identifier id="3226F331-F70A-8E9C-8479-EBC1BBF1BB7B" name="Role PK">
<createdBy>mabo0003</createdBy>
<createdTime>2021-09-12 20:40:24 UTC</createdTime>
<ownerDesignName>model</ownerDesignName>
<shouldEngineer>false</shouldEngineer>
<engineerTo>
<item key="27B37CC6-12AB-79BB-C011-0CFC7C8ACD7B" value="false"/>
</engineerTo>
<pk>true</pk>
<usedAttributes>
<attributeRef>5553EEC4-1D87-0472-BF6A-EF1181656DCA</attributeRef>
</usedAttributes>
</identifier>
</identifiers>
</Entity>
