<?xml version = '1.0' encoding = 'UTF-8'?>
<Entity class="oracle.dbtools.crest.model.design.logical.Entity" directorySegmentName="seg_0" id="82725F10-028F-E74D-02CB-D703D0C467FC" name="Staff">
<createdBy>mabo0003</createdBy>
<createdTime>2021-09-12 20:31:17 UTC</createdTime>
<ownerDesignName>model</ownerDesignName>
<engineerTo>
<item key="27B37CC6-12AB-79BB-C011-0CFC7C8ACD7B" value="true"/>
</engineerTo>
<adequatelyNormalized>NO</adequatelyNormalized>
<expectedVolumes>0</expectedVolumes>
<fwdEngineeringStrategyName>Single Table</fwdEngineeringStrategyName>
<growthPercent>0</growthPercent>
<growthType>Year</growthType>
<maxVolumes>9999999</maxVolumes>
<minVolumes>0</minVolumes>
<normalForm>Third</normalForm>
<attributes itemClass="oracle.dbtools.crest.model.design.logical.Attribute">
<Attribute name="staff_id" id="AEF714FA-C802-7C20-5908-E2FE63471BF5">
<createdBy>mabo0003</createdBy>
<createdTime>2021-09-12 20:37:41 UTC</createdTime>
<commentInRDBMS><![CDATA[staff ID]]></commentInRDBMS>
<ownerDesignName>model</ownerDesignName>
<engineerTo>
<item key="27B37CC6-12AB-79BB-C011-0CFC7C8ACD7B" value="true"/>
</engineerTo>
<useDomainConstraints>false</useDomainConstraints>
<use>1</use>
<logicalDatatype>LOGDT019</logicalDatatype>
<dataTypePrecision>5</dataTypePrecision>
<ownDataTypeParameters>,5,</ownDataTypeParameters>
</Attribute>
<Attribute name="staff_fname" id="049AE4D5-E3C0-9E42-464E-E38081C3040B">
<createdBy>mabo0003</createdBy>
<createdTime>2021-09-12 20:38:00 UTC</createdTime>
<commentInRDBMS><![CDATA[first name]]></commentInRDBMS>
<ownerDesignName>model</ownerDesignName>
<engineerTo>
<item key="27B37CC6-12AB-79BB-C011-0CFC7C8ACD7B" value="true"/>
</engineerTo>
<nullsAllowed>true</nullsAllowed>
<useDomainConstraints>false</useDomainConstraints>
<use>1</use>
<logicalDatatype>LOGDT024</logicalDatatype>
<dataTypeSize>10</dataTypeSize>
<ownDataTypeParameters>10,,</ownDataTypeParameters>
</Attribute>
<Attribute name="staff_lname" id="1AB9630B-F5C5-71E0-EA7E-57B86BED2DAD">
<createdBy>mabo0003</createdBy>
<createdTime>2021-09-12 20:38:19 UTC</createdTime>
<commentInRDBMS><![CDATA[last name]]></commentInRDBMS>
<ownerDesignName>model</ownerDesignName>
<engineerTo>
<item key="27B37CC6-12AB-79BB-C011-0CFC7C8ACD7B" value="true"/>
</engineerTo>
<nullsAllowed>true</nullsAllowed>
<useDomainConstraints>false</useDomainConstraints>
<use>1</use>
<logicalDatatype>LOGDT024</logicalDatatype>
<dataTypeSize>10</dataTypeSize>
<ownDataTypeParameters>10,,</ownDataTypeParameters>
</Attribute>
<Attribute name="staff_phone" id="37A54199-42D9-91BA-D273-F3AC3D241BE4">
<createdBy>mabo0003</createdBy>
<createdTime>2021-09-12 20:38:35 UTC</createdTime>
<commentInRDBMS><![CDATA[phone number]]></commentInRDBMS>
<ownerDesignName>model</ownerDesignName>
<engineerTo>
<item key="27B37CC6-12AB-79BB-C011-0CFC7C8ACD7B" value="true"/>
</engineerTo>
<useDomainConstraints>false</useDomainConstraints>
<use>1</use>
<logicalDatatype>LOGDT019</logicalDatatype>
<dataTypePrecision>8</dataTypePrecision>
<ownDataTypeParameters>,8,</ownDataTypeParameters>
</Attribute>
<Attribute name="staff_startdate" id="9CB80AEE-850F-2DA5-B337-64B79B3680DF">
<createdBy>mabo0003</createdBy>
<createdTime>2021-09-12 20:38:51 UTC</createdTime>
<commentInRDBMS><![CDATA[start date]]></commentInRDBMS>
<ownerDesignName>model</ownerDesignName>
<engineerTo>
<item key="27B37CC6-12AB-79BB-C011-0CFC7C8ACD7B" value="true"/>
</engineerTo>
<useDomainConstraints>false</useDomainConstraints>
<use>1</use>
<logicalDatatype>LOGDT007</logicalDatatype>
<ownDataTypeParameters>,,</ownDataTypeParameters>
</Attribute>
<Attribute name="first_aid_certified" id="350FE4C0-88DC-12AF-5CC5-73AB7F16294F">
<createdBy>mabo0003</createdBy>
<createdTime>2021-09-12 20:39:11 UTC</createdTime>
<commentInRDBMS><![CDATA[is the staff member first aid certified?]]></commentInRDBMS>
<ownerDesignName>model</ownerDesignName>
<engineerTo>
<item key="27B37CC6-12AB-79BB-C011-0CFC7C8ACD7B" value="true"/>
</engineerTo>
<constraintName>chk_first_aid</constraintName>
<useDomainConstraints>false</useDomainConstraints>
<use>1</use>
<logicalDatatype>LOGDT025</logicalDatatype>
<dataTypeSize>1</dataTypeSize>
<listOfValues>
<valueDef value="N" description="No"/>
<valueDef value="Y" description="Yes"/>
</listOfValues>
<ownDataTypeParameters>1,,</ownDataTypeParameters>
</Attribute>
<Attribute name="centre_id" id="5FA00689-4136-0507-0EFB-9689ACCB9965">
<createdBy>mabo0003</createdBy>
<createdTime>2021-09-12 20:50:17 UTC</createdTime>
<commentInRDBMS><![CDATA[Centre ID]]></commentInRDBMS>
<generatorID>9322F491-477D-DE68-221B-541CD8996487</generatorID>
<ownerDesignName>model</ownerDesignName>
<engineerTo>
<item key="27B37CC6-12AB-79BB-C011-0CFC7C8ACD7B" value="true"/>
</engineerTo>
<referedAttribute>6360024E-A163-69C7-9478-1D6879314B90</referedAttribute>
<useDomainConstraints>false</useDomainConstraints>
<use>1</use>
<logicalDatatype>LOGDT019</logicalDatatype>
<dataTypePrecision>3</dataTypePrecision>
<dataTypeSize>3</dataTypeSize>
<ownDataTypeParameters>3,,</ownDataTypeParameters>
</Attribute>
<Attribute name="role_id" id="D8D16D48-0EC4-B0B9-6065-3C0E12A72E8E">
<createdBy>mabo0003</createdBy>
<createdTime>2021-09-12 20:52:40 UTC</createdTime>
<commentInRDBMS><![CDATA[role ID]]></commentInRDBMS>
<generatorID>771C34F9-BFDF-D6B4-EA95-3D2243C1A16F</generatorID>
<ownerDesignName>model</ownerDesignName>
<engineerTo>
<item key="27B37CC6-12AB-79BB-C011-0CFC7C8ACD7B" value="true"/>
</engineerTo>
<referedAttribute>5553EEC4-1D87-0472-BF6A-EF1181656DCA</referedAttribute>
<useDomainConstraints>false</useDomainConstraints>
<use>1</use>
<logicalDatatype>LOGDT025</logicalDatatype>
<dataTypeSize>1</dataTypeSize>
<ownDataTypeParameters>1,,</ownDataTypeParameters>
</Attribute>
</attributes>
<identifiers itemClass="oracle.dbtools.crest.model.design.logical.CandidateKey">
<identifier id="CC300247-3728-84DF-B914-668DEC1CC9E9" name="Staff PK">
<createdBy>mabo0003</createdBy>
<createdTime>2021-09-12 20:37:55 UTC</createdTime>
<ownerDesignName>model</ownerDesignName>
<shouldEngineer>false</shouldEngineer>
<engineerTo>
<item key="27B37CC6-12AB-79BB-C011-0CFC7C8ACD7B" value="false"/>
</engineerTo>
<pk>true</pk>
<usedAttributes>
<attributeRef>AEF714FA-C802-7C20-5908-E2FE63471BF5</attributeRef>
</usedAttributes>
</identifier>
</identifiers>
</Entity>
