<?xml version = '1.0' encoding = 'UTF-8'?>
<Entity class="oracle.dbtools.crest.model.design.logical.Entity" directorySegmentName="seg_0" id="90C61B8F-DCBE-7BB3-90B8-F152774116CA" name="Facility">
<createdBy>mabo0003</createdBy>
<createdTime>2021-09-12 20:30:50 UTC</createdTime>
<ownerDesignName>model</ownerDesignName>
<engineerTo>
<item key="27B37CC6-12AB-79BB-C011-0CFC7C8ACD7B" value="true"/>
</engineerTo>
<adequatelyNormalized>NO</adequatelyNormalized>
<expectedVolumes>0</expectedVolumes>
<fwdEngineeringStrategyName>Single Table</fwdEngineeringStrategyName>
<growthPercent>0</growthPercent>
<growthType>Year</growthType>
<maxVolumes>9999999</maxVolumes>
<minVolumes>0</minVolumes>
<normalForm>Third</normalForm>
<attributes itemClass="oracle.dbtools.crest.model.design.logical.Attribute">
<Attribute name="centre_id" id="D7A4BA2A-A7EF-14EC-1249-9153AB9858FF">
<createdBy>mabo0003</createdBy>
<createdTime>2021-09-12 20:53:28 UTC</createdTime>
<commentInRDBMS><![CDATA[Centre ID]]></commentInRDBMS>
<generatorID>E0C2C8C7-F356-5AAD-701C-C65ED6A0C54D</generatorID>
<ownerDesignName>model</ownerDesignName>
<engineerTo>
<item key="27B37CC6-12AB-79BB-C011-0CFC7C8ACD7B" value="true"/>
</engineerTo>
<referedAttribute>6360024E-A163-69C7-9478-1D6879314B90</referedAttribute>
<useDomainConstraints>false</useDomainConstraints>
<use>1</use>
<logicalDatatype>LOGDT019</logicalDatatype>
<dataTypePrecision>3</dataTypePrecision>
<ownDataTypeParameters>,,</ownDataTypeParameters>
</Attribute>
<Attribute name="facility_room_numb" id="51CE8622-7683-D2A4-D05C-C0C3F70B01E7">
<createdBy>mabo0003</createdBy>
<createdTime>2021-09-12 20:44:34 UTC</createdTime>
<commentInRDBMS><![CDATA[room number]]></commentInRDBMS>
<ownerDesignName>model</ownerDesignName>
<engineerTo>
<item key="27B37CC6-12AB-79BB-C011-0CFC7C8ACD7B" value="true"/>
</engineerTo>
<useDomainConstraints>false</useDomainConstraints>
<use>1</use>
<logicalDatatype>LOGDT019</logicalDatatype>
<dataTypePrecision>3</dataTypePrecision>
<ownDataTypeParameters>,3,</ownDataTypeParameters>
</Attribute>
<Attribute name="facilty_name" id="8D620576-5E1B-4E09-3B9B-9BA2BDFC7F9B">
<createdBy>mabo0003</createdBy>
<createdTime>2021-09-12 20:44:58 UTC</createdTime>
<commentInRDBMS><![CDATA[name]]></commentInRDBMS>
<ownerDesignName>model</ownerDesignName>
<engineerTo>
<item key="27B37CC6-12AB-79BB-C011-0CFC7C8ACD7B" value="true"/>
</engineerTo>
<useDomainConstraints>false</useDomainConstraints>
<use>1</use>
<logicalDatatype>LOGDT024</logicalDatatype>
<dataTypeSize>10</dataTypeSize>
<ownDataTypeParameters>10,,</ownDataTypeParameters>
</Attribute>
<Attribute name="facility_desc" id="1D860B43-C1E1-3D56-4A21-A0AD0F7D3F43">
<createdBy>mabo0003</createdBy>
<createdTime>2021-09-12 20:45:15 UTC</createdTime>
<commentInRDBMS><![CDATA[description]]></commentInRDBMS>
<ownerDesignName>model</ownerDesignName>
<engineerTo>
<item key="27B37CC6-12AB-79BB-C011-0CFC7C8ACD7B" value="true"/>
</engineerTo>
<nullsAllowed>true</nullsAllowed>
<useDomainConstraints>false</useDomainConstraints>
<use>1</use>
<logicalDatatype>LOGDT024</logicalDatatype>
<dataTypeSize>20</dataTypeSize>
<ownDataTypeParameters>20,,</ownDataTypeParameters>
</Attribute>
<Attribute name="facility_capacity" id="67C16D83-A1F4-6DD1-2E55-A5063099924B">
<createdBy>mabo0003</createdBy>
<createdTime>2021-09-12 20:45:30 UTC</createdTime>
<commentInRDBMS><![CDATA[capacity]]></commentInRDBMS>
<ownerDesignName>model</ownerDesignName>
<engineerTo>
<item key="27B37CC6-12AB-79BB-C011-0CFC7C8ACD7B" value="true"/>
</engineerTo>
<useDomainConstraints>false</useDomainConstraints>
<use>1</use>
<logicalDatatype>LOGDT019</logicalDatatype>
<dataTypePrecision>3</dataTypePrecision>
<ownDataTypeParameters>,3,</ownDataTypeParameters>
</Attribute>
</attributes>
<identifiers itemClass="oracle.dbtools.crest.model.design.logical.CandidateKey">
<identifier id="E7C8072C-8762-7EA8-2B62-0F88007284B9" name="Facility PK">
<createdBy>mabo0003</createdBy>
<createdTime>2021-09-12 20:44:48 UTC</createdTime>
<ownerDesignName>model</ownerDesignName>
<shouldEngineer>false</shouldEngineer>
<engineerTo>
<item key="27B37CC6-12AB-79BB-C011-0CFC7C8ACD7B" value="false"/>
</engineerTo>
<pk>true</pk>
<usedAttributes>
<attributeRef>51CE8622-7683-D2A4-D05C-C0C3F70B01E7</attributeRef>
<attributeRef>D7A4BA2A-A7EF-14EC-1249-9153AB9858FF</attributeRef>
</usedAttributes>
</identifier>
</identifiers>
</Entity>
