<?xml version = '1.0' encoding = 'UTF-8'?>
<Entity class="oracle.dbtools.crest.model.design.logical.Entity" directorySegmentName="seg_0" id="CE8BCE06-AA22-5264-250E-65D996CEDD2A" name="Fitness Centre">
<createdBy>mabo0003</createdBy>
<createdTime>2021-09-12 20:27:28 UTC</createdTime>
<ownerDesignName>model</ownerDesignName>
<engineerTo>
<item key="27B37CC6-12AB-79BB-C011-0CFC7C8ACD7B" value="true"/>
</engineerTo>
<adequatelyNormalized>NO</adequatelyNormalized>
<expectedVolumes>0</expectedVolumes>
<fwdEngineeringStrategyName>Single Table</fwdEngineeringStrategyName>
<growthPercent>0</growthPercent>
<growthType>Year</growthType>
<maxVolumes>9999999</maxVolumes>
<minVolumes>0</minVolumes>
<normalForm>Third</normalForm>
<attributes itemClass="oracle.dbtools.crest.model.design.logical.Attribute">
<Attribute name="centre_id" id="6360024E-A163-69C7-9478-1D6879314B90">
<createdBy>mabo0003</createdBy>
<createdTime>2021-09-12 20:34:54 UTC</createdTime>
<commentInRDBMS><![CDATA[Centre ID]]></commentInRDBMS>
<ownerDesignName>model</ownerDesignName>
<engineerTo>
<item key="27B37CC6-12AB-79BB-C011-0CFC7C8ACD7B" value="true"/>
</engineerTo>
<useDomainConstraints>false</useDomainConstraints>
<use>1</use>
<logicalDatatype>LOGDT019</logicalDatatype>
<dataTypePrecision>3</dataTypePrecision>
<ownDataTypeParameters>,3,</ownDataTypeParameters>
</Attribute>
<Attribute name="centre_name" id="38AAEB0B-2101-AB81-1DA1-1A1B3E020198">
<createdBy>mabo0003</createdBy>
<createdTime>2021-09-12 20:35:20 UTC</createdTime>
<commentInRDBMS><![CDATA[centre name]]></commentInRDBMS>
<ownerDesignName>model</ownerDesignName>
<engineerTo>
<item key="27B37CC6-12AB-79BB-C011-0CFC7C8ACD7B" value="true"/>
</engineerTo>
<useDomainConstraints>false</useDomainConstraints>
<use>1</use>
<logicalDatatype>LOGDT024</logicalDatatype>
<dataTypeSize>10</dataTypeSize>
<ownDataTypeParameters>10,,</ownDataTypeParameters>
</Attribute>
<Attribute name="centre_street" id="6A617162-C3EC-7B90-1453-953029199682">
<createdBy>mabo0003</createdBy>
<createdTime>2021-09-12 20:35:40 UTC</createdTime>
<commentInRDBMS><![CDATA[centre street name]]></commentInRDBMS>
<ownerDesignName>model</ownerDesignName>
<engineerTo>
<item key="27B37CC6-12AB-79BB-C011-0CFC7C8ACD7B" value="true"/>
</engineerTo>
<useDomainConstraints>false</useDomainConstraints>
<use>1</use>
<logicalDatatype>LOGDT024</logicalDatatype>
<dataTypeSize>8</dataTypeSize>
<ownDataTypeParameters>8,,</ownDataTypeParameters>
</Attribute>
<Attribute name="centre_town" id="3B2AB68C-ACE4-33A8-1C57-80B03892C77E">
<createdBy>mabo0003</createdBy>
<createdTime>2021-09-12 20:35:59 UTC</createdTime>
<commentInRDBMS><![CDATA[centre town name]]></commentInRDBMS>
<ownerDesignName>model</ownerDesignName>
<engineerTo>
<item key="27B37CC6-12AB-79BB-C011-0CFC7C8ACD7B" value="true"/>
</engineerTo>
<useDomainConstraints>false</useDomainConstraints>
<use>1</use>
<logicalDatatype>LOGDT024</logicalDatatype>
<dataTypeSize>8</dataTypeSize>
<ownDataTypeParameters>8,,</ownDataTypeParameters>
</Attribute>
<Attribute name="centre_post" id="1DFA8BAA-7D8A-A14C-992F-7B810C71E82F">
<createdBy>mabo0003</createdBy>
<createdTime>2021-09-12 20:36:11 UTC</createdTime>
<commentInRDBMS><![CDATA[centre post office]]></commentInRDBMS>
<ownerDesignName>model</ownerDesignName>
<engineerTo>
<item key="27B37CC6-12AB-79BB-C011-0CFC7C8ACD7B" value="true"/>
</engineerTo>
<useDomainConstraints>false</useDomainConstraints>
<use>1</use>
<logicalDatatype>LOGDT024</logicalDatatype>
<dataTypeSize>8</dataTypeSize>
<ownDataTypeParameters>8,,</ownDataTypeParameters>
</Attribute>
<Attribute name="centre_phone" id="C7F160A3-5FC1-A0F6-E76D-4D207A34B23E">
<createdBy>mabo0003</createdBy>
<createdTime>2021-09-12 20:36:54 UTC</createdTime>
<commentInRDBMS><![CDATA[centre contact number]]></commentInRDBMS>
<ownerDesignName>model</ownerDesignName>
<engineerTo>
<item key="27B37CC6-12AB-79BB-C011-0CFC7C8ACD7B" value="true"/>
</engineerTo>
<nullsAllowed>true</nullsAllowed>
<useDomainConstraints>false</useDomainConstraints>
<use>1</use>
<logicalDatatype>LOGDT019</logicalDatatype>
<dataTypePrecision>8</dataTypePrecision>
<ownDataTypeParameters>,8,</ownDataTypeParameters>
</Attribute>
<Attribute name="staff_id" id="2D565BE2-8FF9-4484-C65A-5C45AD2A13CE">
<createdBy>mabo0003</createdBy>
<createdTime>2021-09-12 20:47:32 UTC</createdTime>
<commentInRDBMS><![CDATA[staff ID]]></commentInRDBMS>
<generatorID>EEE7DC1E-560A-352B-C7F9-1764FF06D8B5</generatorID>
<ownerDesignName>model</ownerDesignName>
<engineerTo>
<item key="27B37CC6-12AB-79BB-C011-0CFC7C8ACD7B" value="true"/>
</engineerTo>
<referedAttribute>AEF714FA-C802-7C20-5908-E2FE63471BF5</referedAttribute>
<useDomainConstraints>false</useDomainConstraints>
<use>1</use>
<logicalDatatype>LOGDT019</logicalDatatype>
<dataTypePrecision>3</dataTypePrecision>
<ownDataTypeParameters>,3,</ownDataTypeParameters>
</Attribute>
</attributes>
<identifiers itemClass="oracle.dbtools.crest.model.design.logical.CandidateKey">
<identifier id="E459A76C-3907-359C-B43A-205FF69B708F" name="Fitness Centre PK">
<createdBy>mabo0003</createdBy>
<createdTime>2021-09-12 20:35:14 UTC</createdTime>
<ownerDesignName>model</ownerDesignName>
<shouldEngineer>false</shouldEngineer>
<engineerTo>
<item key="27B37CC6-12AB-79BB-C011-0CFC7C8ACD7B" value="false"/>
</engineerTo>
<pk>true</pk>
<usedAttributes>
<attributeRef>6360024E-A163-69C7-9478-1D6879314B90</attributeRef>
</usedAttributes>
</identifier>
</identifiers>
</Entity>
