<?xml version = '1.0' encoding = 'UTF-8'?>
<Entity class="oracle.dbtools.crest.model.design.logical.Entity" directorySegmentName="seg_0" id="D90A0C25-E30C-6F78-D2EA-C36C18A4535B" name="Class">
<createdBy>mabo0003</createdBy>
<createdTime>2021-09-12 20:31:45 UTC</createdTime>
<ownerDesignName>model</ownerDesignName>
<engineerTo>
<item key="27B37CC6-12AB-79BB-C011-0CFC7C8ACD7B" value="true"/>
</engineerTo>
<adequatelyNormalized>NO</adequatelyNormalized>
<expectedVolumes>0</expectedVolumes>
<fwdEngineeringStrategyName>Single Table</fwdEngineeringStrategyName>
<growthPercent>0</growthPercent>
<growthType>Year</growthType>
<maxVolumes>9999999</maxVolumes>
<minVolumes>0</minVolumes>
<normalForm>Third</normalForm>
<attributes itemClass="oracle.dbtools.crest.model.design.logical.Attribute">
<Attribute name="class_numb" id="0DCA3F05-9729-0DB7-2009-8545E57E9F41">
<createdBy>mabo0003</createdBy>
<createdTime>2021-09-12 21:00:40 UTC</createdTime>
<commentInRDBMS><![CDATA[class number]]></commentInRDBMS>
<ownerDesignName>model</ownerDesignName>
<engineerTo>
<item key="27B37CC6-12AB-79BB-C011-0CFC7C8ACD7B" value="true"/>
</engineerTo>
<useDomainConstraints>false</useDomainConstraints>
<use>1</use>
<logicalDatatype>LOGDT019</logicalDatatype>
<dataTypePrecision>3</dataTypePrecision>
<ownDataTypeParameters>,3,</ownDataTypeParameters>
</Attribute>
<Attribute name="centre_id" id="54897D8A-6743-09E8-3F88-80756E4A1FD4">
<createdBy>mabo0003</createdBy>
<createdTime>2021-09-12 21:04:06 UTC</createdTime>
<commentInRDBMS><![CDATA[Centre ID]]></commentInRDBMS>
<generatorID>AD16D2F3-330A-E8A0-9F1C-A4C535ADBC15</generatorID>
<ownerDesignName>model</ownerDesignName>
<engineerTo>
<item key="27B37CC6-12AB-79BB-C011-0CFC7C8ACD7B" value="true"/>
</engineerTo>
<referedAttribute>D7A4BA2A-A7EF-14EC-1249-9153AB9858FF</referedAttribute>
<useDomainConstraints>false</useDomainConstraints>
<use>1</use>
<logicalDatatype>LOGDT019</logicalDatatype>
<dataTypePrecision>3</dataTypePrecision>
<dataTypeSize>3</dataTypeSize>
<ownDataTypeParameters>3,,</ownDataTypeParameters>
</Attribute>
<Attribute name="class_start_date_time" id="3AE0A4C4-8149-B460-DF3C-EE19D438A924">
<createdBy>mabo0003</createdBy>
<createdTime>2021-09-12 21:01:08 UTC</createdTime>
<commentInRDBMS><![CDATA[starrt date and time of class]]></commentInRDBMS>
<ownerDesignName>model</ownerDesignName>
<engineerTo>
<item key="27B37CC6-12AB-79BB-C011-0CFC7C8ACD7B" value="true"/>
</engineerTo>
<useDomainConstraints>false</useDomainConstraints>
<use>1</use>
<logicalDatatype>LOGDT007</logicalDatatype>
<ownDataTypeParameters>,,</ownDataTypeParameters>
</Attribute>
<Attribute name="class_max_participants" id="2AB50A9C-3473-1176-9826-5808E4EADCC3">
<createdBy>mabo0003</createdBy>
<createdTime>2021-09-12 21:01:33 UTC</createdTime>
<commentInRDBMS><![CDATA[max participants]]></commentInRDBMS>
<ownerDesignName>model</ownerDesignName>
<engineerTo>
<item key="27B37CC6-12AB-79BB-C011-0CFC7C8ACD7B" value="true"/>
</engineerTo>
<nullsAllowed>true</nullsAllowed>
<useDomainConstraints>false</useDomainConstraints>
<use>1</use>
<logicalDatatype>LOGDT019</logicalDatatype>
<dataTypePrecision>3</dataTypePrecision>
<ownDataTypeParameters>,3,</ownDataTypeParameters>
</Attribute>
<Attribute name="class_sessions" id="9DB0CD02-EDEB-14E1-6F60-40108697E847">
<createdBy>mabo0003</createdBy>
<createdTime>2021-09-12 21:01:59 UTC</createdTime>
<commentInRDBMS><![CDATA[total number of sessions]]></commentInRDBMS>
<ownerDesignName>model</ownerDesignName>
<engineerTo>
<item key="27B37CC6-12AB-79BB-C011-0CFC7C8ACD7B" value="true"/>
</engineerTo>
<useDomainConstraints>false</useDomainConstraints>
<use>1</use>
<logicalDatatype>LOGDT019</logicalDatatype>
<dataTypePrecision>2</dataTypePrecision>
<ownDataTypeParameters>,2,</ownDataTypeParameters>
</Attribute>
<Attribute name="class_cost" id="15DC8E7D-6F1D-1FE5-B1E0-091317EF5158">
<createdBy>mabo0003</createdBy>
<createdTime>2021-09-12 21:02:34 UTC</createdTime>
<commentInRDBMS><![CDATA[cost of class]]></commentInRDBMS>
<ownerDesignName>model</ownerDesignName>
<engineerTo>
<item key="27B37CC6-12AB-79BB-C011-0CFC7C8ACD7B" value="true"/>
</engineerTo>
<useDomainConstraints>false</useDomainConstraints>
<use>1</use>
<logicalDatatype>LOGDT019</logicalDatatype>
<dataTypePrecision>5</dataTypePrecision>
<dataTypeScale>2</dataTypeScale>
<ownDataTypeParameters>,5,2</ownDataTypeParameters>
</Attribute>
<Attribute name="class_type" id="F3067493-A6AA-BCC9-712F-B23267EAB8F8">
<createdBy>mabo0003</createdBy>
<createdTime>2021-09-12 21:03:18 UTC</createdTime>
<commentInRDBMS><![CDATA[type of class]]></commentInRDBMS>
<generatorID>4B050175-726C-1312-D78E-5EF0EEE7FA78</generatorID>
<ownerDesignName>model</ownerDesignName>
<engineerTo>
<item key="27B37CC6-12AB-79BB-C011-0CFC7C8ACD7B" value="true"/>
</engineerTo>
<referedAttribute>D8B88A26-BEB1-5CE3-E16E-4489FE627751</referedAttribute>
<useDomainConstraints>false</useDomainConstraints>
<use>1</use>
<logicalDatatype>LOGDT024</logicalDatatype>
<dataTypeSize>8</dataTypeSize>
<ownDataTypeParameters>8,,</ownDataTypeParameters>
</Attribute>
<Attribute name="facility_room_numb" id="C588C065-CBEF-DB81-AE37-80D3F0750FBA">
<createdBy>mabo0003</createdBy>
<createdTime>2021-09-12 21:04:06 UTC</createdTime>
<commentInRDBMS><![CDATA[room number]]></commentInRDBMS>
<generatorID>AD16D2F3-330A-E8A0-9F1C-A4C535ADBC15</generatorID>
<ownerDesignName>model</ownerDesignName>
<engineerTo>
<item key="27B37CC6-12AB-79BB-C011-0CFC7C8ACD7B" value="true"/>
</engineerTo>
<referedAttribute>51CE8622-7683-D2A4-D05C-C0C3F70B01E7</referedAttribute>
<useDomainConstraints>false</useDomainConstraints>
<use>1</use>
<logicalDatatype>LOGDT019</logicalDatatype>
<dataTypePrecision>2</dataTypePrecision>
<ownDataTypeParameters>,2,</ownDataTypeParameters>
</Attribute>
<Attribute name="class_gender_restrictions" id="78C9D9B7-FCC1-C4CC-58E5-863AD6116903">
<createdBy>mabo0003</createdBy>
<createdTime>2021-09-12 21:06:34 UTC</createdTime>
<commentInRDBMS><![CDATA[does the class have any gender restrictions?]]></commentInRDBMS>
<ownerDesignName>model</ownerDesignName>
<engineerTo>
<item key="27B37CC6-12AB-79BB-C011-0CFC7C8ACD7B" value="true"/>
</engineerTo>
<constraintName>chk_gender</constraintName>
<useDomainConstraints>false</useDomainConstraints>
<use>1</use>
<logicalDatatype>LOGDT025</logicalDatatype>
<dataTypeSize>1</dataTypeSize>
<listOfValues>
<valueDef value="-" description="No restriction"/>
<valueDef value="F" description="Female only"/>
<valueDef value="M" description="Male only"/>
</listOfValues>
<ownDataTypeParameters>1,,</ownDataTypeParameters>
</Attribute>
</attributes>
<identifiers itemClass="oracle.dbtools.crest.model.design.logical.CandidateKey">
<identifier id="9FC0529D-6460-EB3D-CD09-8051A710878D" name="Class PK">
<createdBy>mabo0003</createdBy>
<createdTime>2021-09-12 21:00:58 UTC</createdTime>
<ownerDesignName>model</ownerDesignName>
<shouldEngineer>false</shouldEngineer>
<engineerTo>
<item key="27B37CC6-12AB-79BB-C011-0CFC7C8ACD7B" value="false"/>
</engineerTo>
<pk>true</pk>
<usedAttributes>
<attributeRef>0DCA3F05-9729-0DB7-2009-8545E57E9F41</attributeRef>
<attributeRef>54897D8A-6743-09E8-3F88-80756E4A1FD4</attributeRef>
<attributeRef>3AE0A4C4-8149-B460-DF3C-EE19D438A924</attributeRef>
</usedAttributes>
</identifier>
</identifiers>
</Entity>
