<?xml version = '1.0' encoding = 'UTF-8'?>
<relationalModel class="oracle.dbtools.crest.model.design.relational.RelationalDesign" name="Relational_1" id="27B37CC6-12AB-79BB-C011-0CFC7C8ACD7B" mainViewID="C21B13D2-8115-13FE-B7BF-718659CDA50E">
<createdBy>mabo0003</createdBy>
<createdTime>2021-09-12 20:27:07 UTC</createdTime>
<ownerDesignName>model</ownerDesignName>
<shouldBeOpen>false</shouldBeOpen>
<selectedRDBMSSite>32076570-2523-435C-2E92-BF29817DFF70</selectedRDBMSSite>
</relationalModel>