<?xml version = '1.0' encoding = 'UTF-8'?>
<Relation class="oracle.dbtools.crest.model.design.logical.Relation" name="CLASS_CLASSSTAFFING" directorySegmentName="seg_0" id="4F655428-96CF-53DC-8BC8-3D27C654FC34">
<createdBy>mabo0003</createdBy>
<createdTime>2021-09-12 21:20:35 UTC</createdTime>
<ownerDesignName>model</ownerDesignName>
<engineerTo>
<item key="27B37CC6-12AB-79BB-C011-0CFC7C8ACD7B" value="true"/>
</engineerTo>
<sourcePk>9FC0529D-6460-EB3D-CD09-8051A710878D</sourcePk>
<identifying>false</identifying>
<nameOnSource>Recorded in</nameOnSource>
<nameOnTarget> </nameOnTarget>
<optionalSource>false</optionalSource>
<optionalTarget>false</optionalTarget>
<sourceCardinality>1</sourceCardinality>
<sourceEntity>D90A0C25-E30C-6F78-D2EA-C36C18A4535B</sourceEntity>
<targetCardinalityString>*</targetCardinalityString>
<targetEntity>38D8C782-EAC0-C61A-DEDD-522E056EB4D4</targetEntity>
<transferable>true</transferable>
<deleteRule>NO ACTION</deleteRule>
</Relation>
