<?xml version = '1.0' encoding = 'UTF-8'?>
<Relation class="oracle.dbtools.crest.model.design.logical.Relation" name="MEMBER_ENROLLMENT" directorySegmentName="seg_0" id="72CEED57-A43C-4D82-7EB1-6FB84A9CD5FE">
<createdBy>mabo0003</createdBy>
<createdTime>2021-09-12 21:07:35 UTC</createdTime>
<ownerDesignName>model</ownerDesignName>
<engineerTo>
<item key="27B37CC6-12AB-79BB-C011-0CFC7C8ACD7B" value="true"/>
</engineerTo>
<sourcePk>351C3BEB-EC8F-613D-2767-0E7DD6A36BA6</sourcePk>
<identifying>false</identifying>
<nameOnSource>Creates</nameOnSource>
<nameOnTarget> </nameOnTarget>
<optionalSource>true</optionalSource>
<optionalTarget>false</optionalTarget>
<sourceCardinality>1</sourceCardinality>
<sourceEntity>1D09D134-76CE-04DA-722F-4B4A852DD245</sourceEntity>
<targetCardinalityString>*</targetCardinalityString>
<targetEntity>84A6FE8E-5B40-AB31-299E-E5A2E73213A0</targetEntity>
<transferable>true</transferable>
<deleteRule>CASCADE</deleteRule>
</Relation>
