<?xml version = '1.0' encoding = 'UTF-8'?>
<Relation class="oracle.dbtools.crest.model.design.logical.Relation" name="CENTRE_FACILITY" directorySegmentName="seg_0" id="E0C2C8C7-F356-5AAD-701C-C65ED6A0C54D">
<createdBy>mabo0003</createdBy>
<createdTime>2021-09-12 20:53:28 UTC</createdTime>
<ownerDesignName>model</ownerDesignName>
<engineerTo>
<item key="27B37CC6-12AB-79BB-C011-0CFC7C8ACD7B" value="true"/>
</engineerTo>
<sourcePk>E459A76C-3907-359C-B43A-205FF69B708F</sourcePk>
<identifying>true</identifying>
<nameOnSource>Has</nameOnSource>
<nameOnTarget> </nameOnTarget>
<optionalSource>false</optionalSource>
<optionalTarget>false</optionalTarget>
<sourceCardinality>1</sourceCardinality>
<sourceEntity>CE8BCE06-AA22-5264-250E-65D996CEDD2A</sourceEntity>
<targetCardinalityString>*</targetCardinalityString>
<targetEntity>90C61B8F-DCBE-7BB3-90B8-F152774116CA</targetEntity>
<transferable>true</transferable>
<deleteRule>CASCADE</deleteRule>
</Relation>
