<?xml version = '1.0' encoding = 'UTF-8'?>
<Diagram class="oracle.dbtools.crest.swingui.logical.DPVLogical" name="Logical" id="8D277114-D5A7-37EA-04F5-B06C747957DC">
<createdBy>mabo0003</createdBy>
<modifiedBy>mabo0003</modifiedBy>
<createdTime>2021-09-12 20:27:17 UTC</createdTime>
<autoRoute>false</autoRoute>
<boxInbox>true</boxInbox>
<showLegend>true</showLegend>
<showLabels>true</showLabels>
<showRelAttributes>false</showRelAttributes>
<gridEnabled>false</gridEnabled>
<showGrid>false</showGrid>
<diagramColor>-1</diagramColor>
<display>false</display>
<notation>2</notation>
<showAllDetails>false</showAllDetails>
<showElements>true</showElements>
<objectViews>
<OView class="oracle.dbtools.crest.swingui.logical.TVEntity" oid="1D09D134-76CE-04DA-722F-4B4A852DD245" otype="Entity" vid="23626C2F-A4AE-0078-8894-5B1508650962">
<hideElementsInCurrentOnly>false</hideElementsInCurrentOnly>
<bounds x="237" y="470" width="129" height="123"/>
</OView>
<OView class="oracle.dbtools.crest.swingui.logical.TVEntity" oid="3393A7CD-E9AB-5D2F-B30F-839938E5851C" otype="Entity" vid="CFD50FC7-8E8D-EF12-E028-025190007E6B">
<hideElementsInCurrentOnly>false</hideElementsInCurrentOnly>
<bounds x="789" y="438" width="143" height="119"/>
</OView>
<OView class="oracle.dbtools.crest.swingui.logical.TVEntity" oid="38D8C782-EAC0-C61A-DEDD-522E056EB4D4" otype="Entity" vid="7C1FFF51-5C78-F4FA-C544-B9F6E519599F">
<hideElementsInCurrentOnly>false</hideElementsInCurrentOnly>
<bounds x="398" y="270" width="170" height="110"/>
</OView>
<OView class="oracle.dbtools.crest.swingui.TVLegend" oid="5B623492-5DFF-CF63-1C45-43DAAE28E63A" otype="Legend" vid="7C687205-2530-10E7-E28A-15E5571D1E7E">
<hideElementsInCurrentOnly>false</hideElementsInCurrentOnly>
<bounds x="10" y="10" width="232" height="135"/>
</OView>
<OView class="oracle.dbtools.crest.swingui.logical.TVEntity" oid="6782B4DA-1547-5E6E-4E62-7DA8AA78972E" otype="Entity" vid="B6AC9EBB-6867-A722-BEC7-F213D6A031F3">
<hideElementsInCurrentOnly>false</hideElementsInCurrentOnly>
<bounds x="91" y="154" width="96" height="68"/>
</OView>
<OView class="oracle.dbtools.crest.swingui.logical.TVEntity" oid="82725F10-028F-E74D-02CB-D703D0C467FC" otype="Entity" vid="8D8CDAD1-C2A4-E8EC-E538-B989B79F969E">
<hideElementsInCurrentOnly>false</hideElementsInCurrentOnly>
<bounds x="286" y="44" width="121" height="138"/>
</OView>
<OView class="oracle.dbtools.crest.swingui.logical.TVEntity" oid="84A6FE8E-5B40-AB31-299E-E5A2E73213A0" otype="Entity" vid="053732D7-2B04-8B45-2ED8-5224DAA98184">
<hideElementsInCurrentOnly>false</hideElementsInCurrentOnly>
<bounds x="597" y="369" width="170" height="110"/>
</OView>
<OView class="oracle.dbtools.crest.swingui.logical.TVEntity" oid="90C61B8F-DCBE-7BB3-90B8-F152774116CA" otype="Entity" vid="DC96C18D-6540-92DE-F38D-889310B0B56C">
<hideElementsInCurrentOnly>false</hideElementsInCurrentOnly>
<bounds x="914" y="214" width="128" height="110"/>
</OView>
<OView class="oracle.dbtools.crest.swingui.logical.TVEntity" oid="CAAC6CAF-BBDD-200F-D313-1DCC7820BC2B" otype="Entity" vid="F7CB6F36-36AE-CC69-79C2-0CC9D21B1220">
<hideElementsInCurrentOnly>false</hideElementsInCurrentOnly>
<bounds x="220" y="269" width="154" height="127"/>
</OView>
<OView class="oracle.dbtools.crest.swingui.logical.TVEntity" oid="CE8BCE06-AA22-5264-250E-65D996CEDD2A" otype="Entity" vid="0B5EEC30-3938-820D-18CD-0110B530101F">
<hideElementsInCurrentOnly>false</hideElementsInCurrentOnly>
<bounds x="977" y="21" width="116" height="120"/>
</OView>
<OView class="oracle.dbtools.crest.swingui.logical.TVEntity" oid="D90A0C25-E30C-6F78-D2EA-C36C18A4535B" otype="Entity" vid="AAF030AC-658C-86D9-4C6B-45493D182C51">
<hideElementsInCurrentOnly>false</hideElementsInCurrentOnly>
<bounds x="676" y="140" width="170" height="153"/>
</OView>
<OView class="oracle.dbtools.crest.swingui.logical.TVEntity" oid="F45E9F27-838B-6419-B693-1B6F3C53E2FF" otype="Entity" vid="3F56052E-1804-D70E-253D-3EC56E18C835">
<hideElementsInCurrentOnly>false</hideElementsInCurrentOnly>
<bounds x="505" y="176" width="105" height="62"/>
</OView>
</objectViews>
<connectors>
<Connector class="oracle.dbtools.crest.swingui.logical.TVRelation" oid="351E2EF4-E331-A64E-596B-9C9A4D0357FE" otype="Relation" vid_source="AAF030AC-658C-86D9-4C6B-45493D182C51" vid_target="053732D7-2B04-8B45-2ED8-5224DAA98184">
<hideElementsInCurrentOnly>false</hideElementsInCurrentOnly>
<backgroundColor>-16777216</backgroundColor>
<lineWidth>1</lineWidth>
<sourceLabel class="oracle.dbtools.crest.model.design.Label">
<site>0</site>
<labelBounds x="721" y="329" width="32" height="30"/>
<noBackgroundColor>true</noBackgroundColor>
<noForegroundColor>true</noForegroundColor>
</sourceLabel>
<targetLabel class="oracle.dbtools.crest.model.design.Label">
<site>2</site>
<labelBounds x="721" y="333" width="18" height="30"/>
<noBackgroundColor>true</noBackgroundColor>
<noForegroundColor>true</noForegroundColor>
</targetLabel>
<points>
<point x="721" y="293"/>
<point x="721" y="369"/>
</points>
</Connector>
<Connector class="oracle.dbtools.crest.swingui.logical.TVRelation" oid="3EC58B97-B744-ABC5-A7EE-B618E1A52824" otype="Relation" vid_source="23626C2F-A4AE-0078-8894-5B1508650962" vid_target="CFD50FC7-8E8D-EF12-E028-025190007E6B">
<hideElementsInCurrentOnly>false</hideElementsInCurrentOnly>
<backgroundColor>-16777216</backgroundColor>
<lineWidth>1</lineWidth>
<sourceLabel class="oracle.dbtools.crest.model.design.Label">
<site>0</site>
<labelBounds x="376" y="516" width="53" height="30"/>
<noBackgroundColor>true</noBackgroundColor>
<noForegroundColor>true</noForegroundColor>
<sourceBelowTheLine>true</sourceBelowTheLine>
</sourceLabel>
<targetLabel class="oracle.dbtools.crest.model.design.Label">
<site>2</site>
<labelBounds x="765" y="516" width="18" height="30"/>
<noBackgroundColor>true</noBackgroundColor>
<noForegroundColor>true</noForegroundColor>
</targetLabel>
<points>
<point x="366" y="513"/>
<point x="789" y="513"/>
</points>
</Connector>
<Connector class="oracle.dbtools.crest.swingui.logical.TVRelation" oid="4B050175-726C-1312-D78E-5EF0EEE7FA78" otype="Relation" vid_source="3F56052E-1804-D70E-253D-3EC56E18C835" vid_target="AAF030AC-658C-86D9-4C6B-45493D182C51">
<hideElementsInCurrentOnly>false</hideElementsInCurrentOnly>
<backgroundColor>-16777216</backgroundColor>
<lineWidth>1</lineWidth>
<sourceLabel class="oracle.dbtools.crest.model.design.Label">
<site>0</site>
<labelBounds x="620" y="209" width="18" height="30"/>
<noBackgroundColor>true</noBackgroundColor>
<noForegroundColor>true</noForegroundColor>
</sourceLabel>
<targetLabel class="oracle.dbtools.crest.model.design.Label">
<site>2</site>
<labelBounds x="638" y="207" width="32" height="30"/>
<noBackgroundColor>true</noBackgroundColor>
<noForegroundColor>true</noForegroundColor>
</targetLabel>
<points>
<point x="610" y="209"/>
<point x="676" y="207"/>
</points>
</Connector>
<Connector class="oracle.dbtools.crest.swingui.logical.TVRelation" oid="4F655428-96CF-53DC-8BC8-3D27C654FC34" otype="Relation" vid_source="AAF030AC-658C-86D9-4C6B-45493D182C51" vid_target="7C1FFF51-5C78-F4FA-C544-B9F6E519599F">
<hideElementsInCurrentOnly>false</hideElementsInCurrentOnly>
<backgroundColor>-16777216</backgroundColor>
<lineWidth>1</lineWidth>
<sourceLabel class="oracle.dbtools.crest.model.design.Label">
<site>0</site>
<labelBounds x="597" y="251" width="73" height="30"/>
<noBackgroundColor>true</noBackgroundColor>
<noForegroundColor>true</noForegroundColor>
</sourceLabel>
<targetLabel class="oracle.dbtools.crest.model.design.Label">
<site>2</site>
<labelBounds x="578" y="284" width="18" height="30"/>
<noBackgroundColor>true</noBackgroundColor>
<noForegroundColor>true</noForegroundColor>
</targetLabel>
<points>
<point x="676" y="281"/>
<point x="568" y="281"/>
</points>
</Connector>
<Connector class="oracle.dbtools.crest.swingui.logical.TVRelation" oid="72CEED57-A43C-4D82-7EB1-6FB84A9CD5FE" otype="Relation" vid_source="23626C2F-A4AE-0078-8894-5B1508650962" vid_target="053732D7-2B04-8B45-2ED8-5224DAA98184">
<hideElementsInCurrentOnly>false</hideElementsInCurrentOnly>
<backgroundColor>-16777216</backgroundColor>
<lineWidth>1</lineWidth>
<sourceLabel class="oracle.dbtools.crest.model.design.Label">
<site>0</site>
<labelBounds x="376" y="444" width="50" height="30"/>
<noBackgroundColor>true</noBackgroundColor>
<noForegroundColor>true</noForegroundColor>
</sourceLabel>
<targetLabel class="oracle.dbtools.crest.model.design.Label">
<site>2</site>
<labelBounds x="573" y="477" width="18" height="30"/>
<noBackgroundColor>true</noBackgroundColor>
<noForegroundColor>true</noForegroundColor>
</targetLabel>
<points>
<point x="366" y="474"/>
<point x="597" y="474"/>
</points>
</Connector>
<Connector class="oracle.dbtools.crest.swingui.logical.TVRelation" oid="771C34F9-BFDF-D6B4-EA95-3D2243C1A16F" otype="Relation" vid_source="B6AC9EBB-6867-A722-BEC7-F213D6A031F3" vid_target="8D8CDAD1-C2A4-E8EC-E538-B989B79F969E">
<hideElementsInCurrentOnly>false</hideElementsInCurrentOnly>
<backgroundColor>-16777216</backgroundColor>
<lineWidth>1</lineWidth>
<sourceLabel class="oracle.dbtools.crest.model.design.Label">
<site>0</site>
<labelBounds x="197" y="138" width="18" height="30"/>
<noBackgroundColor>true</noBackgroundColor>
<noForegroundColor>true</noForegroundColor>
</sourceLabel>
<targetLabel class="oracle.dbtools.crest.model.design.Label">
<site>2</site>
<labelBounds x="248" y="171" width="32" height="30"/>
<noBackgroundColor>true</noBackgroundColor>
<noForegroundColor>true</noForegroundColor>
</targetLabel>
<points>
<point x="187" y="168"/>
<point x="286" y="168"/>
</points>
</Connector>
<Connector class="oracle.dbtools.crest.swingui.logical.TVRelation" oid="791DBE8F-31A8-A9BA-F149-E5F35095F8DC" otype="Relation" vid_source="0B5EEC30-3938-820D-18CD-0110B530101F" vid_target="23626C2F-A4AE-0078-8894-5B1508650962">
<hideElementsInCurrentOnly>false</hideElementsInCurrentOnly>
<backgroundColor>-16777216</backgroundColor>
<lineWidth>1</lineWidth>
<sourceLabel class="oracle.dbtools.crest.model.design.Label">
<site>0</site>
<labelBounds x="1063" y="177" width="55" height="30"/>
<noBackgroundColor>true</noBackgroundColor>
<noForegroundColor>true</noForegroundColor>
</sourceLabel>
<targetLabel class="oracle.dbtools.crest.model.design.Label">
<site>2</site>
<labelBounds x="376" y="570" width="18" height="30"/>
<noBackgroundColor>true</noBackgroundColor>
<noForegroundColor>true</noForegroundColor>
</targetLabel>
<points>
<point x="1063" y="141"/>
<point x="1063" y="567"/>
<point x="366" y="567"/>
</points>
</Connector>
<Connector class="oracle.dbtools.crest.swingui.logical.TVRelation" oid="9322F491-477D-DE68-221B-541CD8996487" otype="Relation" vid_source="0B5EEC30-3938-820D-18CD-0110B530101F" vid_target="8D8CDAD1-C2A4-E8EC-E538-B989B79F969E">
<hideElementsInCurrentOnly>false</hideElementsInCurrentOnly>
<backgroundColor>-16777216</backgroundColor>
<lineWidth>1</lineWidth>
<sourceLabel class="oracle.dbtools.crest.model.design.Label">
<site>0</site>
<labelBounds x="916" y="62" width="55" height="30"/>
<noBackgroundColor>true</noBackgroundColor>
<noForegroundColor>true</noForegroundColor>
</sourceLabel>
<targetLabel class="oracle.dbtools.crest.model.design.Label">
<site>2</site>
<labelBounds x="417" y="62" width="21" height="30"/>
<noBackgroundColor>true</noBackgroundColor>
<noForegroundColor>true</noForegroundColor>
<targetAboveTheLine>true</targetAboveTheLine>
</targetLabel>
<points>
<point x="977" y="92"/>
<point x="407" y="92"/>
</points>
</Connector>
<Connector class="oracle.dbtools.crest.swingui.logical.TVRelation" oid="AC7DDD2E-4945-64F8-4D58-FF23E76666B3" otype="Relation" vid_source="23626C2F-A4AE-0078-8894-5B1508650962" vid_target="F7CB6F36-36AE-CC69-79C2-0CC9D21B1220">
<hideElementsInCurrentOnly>false</hideElementsInCurrentOnly>
<backgroundColor>-16777216</backgroundColor>
<lineWidth>1</lineWidth>
<sourceLabel class="oracle.dbtools.crest.model.design.Label">
<site>0</site>
<labelBounds x="301" y="410" width="65" height="30"/>
<noBackgroundColor>true</noBackgroundColor>
<noForegroundColor>true</noForegroundColor>
</sourceLabel>
<targetLabel class="oracle.dbtools.crest.model.design.Label">
<site>2</site>
<labelBounds x="301" y="432" width="18" height="30"/>
<noBackgroundColor>true</noBackgroundColor>
<noForegroundColor>true</noForegroundColor>
</targetLabel>
<points>
<point x="301" y="470"/>
<point x="301" y="396"/>
</points>
</Connector>
<Connector class="oracle.dbtools.crest.swingui.logical.TVRelation" oid="AD16D2F3-330A-E8A0-9F1C-A4C535ADBC15" otype="Relation" vid_source="DC96C18D-6540-92DE-F38D-889310B0B56C" vid_target="AAF030AC-658C-86D9-4C6B-45493D182C51">
<hideElementsInCurrentOnly>false</hideElementsInCurrentOnly>
<backgroundColor>-16777216</backgroundColor>
<lineWidth>1</lineWidth>
<sourceLabel class="oracle.dbtools.crest.model.design.Label">
<site>0</site>
<labelBounds x="890" y="223" width="18" height="30"/>
<noBackgroundColor>true</noBackgroundColor>
<noForegroundColor>true</noForegroundColor>
</sourceLabel>
<targetLabel class="oracle.dbtools.crest.model.design.Label">
<site>2</site>
<labelBounds x="856" y="256" width="36" height="30"/>
<noBackgroundColor>true</noBackgroundColor>
<noForegroundColor>true</noForegroundColor>
</targetLabel>
<points>
<point x="914" y="253"/>
<point x="846" y="253"/>
</points>
</Connector>
<Connector class="oracle.dbtools.crest.swingui.logical.TVRelation" oid="CD62CEEC-504A-F939-4C4A-456B9C2204BA" otype="Relation" vid_source="8D8CDAD1-C2A4-E8EC-E538-B989B79F969E" vid_target="F7CB6F36-36AE-CC69-79C2-0CC9D21B1220">
<hideElementsInCurrentOnly>false</hideElementsInCurrentOnly>
<backgroundColor>-16777216</backgroundColor>
<lineWidth>1</lineWidth>
<sourceLabel class="oracle.dbtools.crest.model.design.Label">
<site>0</site>
<labelBounds x="330" y="234" width="38" height="30"/>
<noBackgroundColor>true</noBackgroundColor>
<noForegroundColor>true</noForegroundColor>
</sourceLabel>
<targetLabel class="oracle.dbtools.crest.model.design.Label">
<site>2</site>
<labelBounds x="330" y="225" width="21" height="30"/>
<noBackgroundColor>true</noBackgroundColor>
<noForegroundColor>true</noForegroundColor>
</targetLabel>
<points>
<point x="330" y="182"/>
<point x="330" y="269"/>
</points>
</Connector>
<Connector class="oracle.dbtools.crest.swingui.logical.TVRelation" oid="E0C2C8C7-F356-5AAD-701C-C65ED6A0C54D" otype="Relation" vid_source="0B5EEC30-3938-820D-18CD-0110B530101F" vid_target="DC96C18D-6540-92DE-F38D-889310B0B56C">
<hideElementsInCurrentOnly>false</hideElementsInCurrentOnly>
<backgroundColor>-16777216</backgroundColor>
<lineWidth>1</lineWidth>
<sourceLabel class="oracle.dbtools.crest.model.design.Label">
<site>0</site>
<labelBounds x="1009" y="193" width="32" height="30"/>
<noBackgroundColor>true</noBackgroundColor>
<noForegroundColor>true</noForegroundColor>
</sourceLabel>
<targetLabel class="oracle.dbtools.crest.model.design.Label">
<site>2</site>
<labelBounds x="1009" y="170" width="18" height="30"/>
<noBackgroundColor>true</noBackgroundColor>
<noForegroundColor>true</noForegroundColor>
</targetLabel>
<points>
<point x="1009" y="141"/>
<point x="1009" y="214"/>
</points>
</Connector>
<Connector class="oracle.dbtools.crest.swingui.logical.TVRelation" oid="EE3735A8-77C5-CAB9-8129-9BFAC7A10CAD" otype="Relation" vid_source="AAF030AC-658C-86D9-4C6B-45493D182C51" vid_target="CFD50FC7-8E8D-EF12-E028-025190007E6B">
<hideElementsInCurrentOnly>false</hideElementsInCurrentOnly>
<backgroundColor>-16777216</backgroundColor>
<lineWidth>1</lineWidth>
<sourceLabel class="oracle.dbtools.crest.model.design.Label">
<site>0</site>
<labelBounds x="817" y="361" width="42" height="30"/>
<noBackgroundColor>true</noBackgroundColor>
<noForegroundColor>true</noForegroundColor>
</sourceLabel>
<targetLabel class="oracle.dbtools.crest.model.design.Label">
<site>2</site>
<labelBounds x="817" y="394" width="18" height="30"/>
<noBackgroundColor>true</noBackgroundColor>
<noForegroundColor>true</noForegroundColor>
</targetLabel>
<points>
<point x="817" y="293"/>
<point x="817" y="438"/>
</points>
</Connector>
<Connector class="oracle.dbtools.crest.swingui.logical.TVRelation" oid="EEE7DC1E-560A-352B-C7F9-1764FF06D8B5" otype="Relation" vid_source="8D8CDAD1-C2A4-E8EC-E538-B989B79F969E" vid_target="0B5EEC30-3938-820D-18CD-0110B530101F">
<hideElementsInCurrentOnly>false</hideElementsInCurrentOnly>
<backgroundColor>-16777216</backgroundColor>
<lineWidth>1</lineWidth>
<sourceLabel class="oracle.dbtools.crest.model.design.Label">
<site>0</site>
<labelBounds x="417" y="110" width="58" height="30"/>
<noBackgroundColor>true</noBackgroundColor>
<noForegroundColor>true</noForegroundColor>
<sourceBelowTheLine>true</sourceBelowTheLine>
</sourceLabel>
<targetLabel class="oracle.dbtools.crest.model.design.Label">
<site>2</site>
<labelBounds x="953" y="110" width="18" height="30"/>
<noBackgroundColor>true</noBackgroundColor>
<noForegroundColor>true</noForegroundColor>
</targetLabel>
<points>
<point x="407" y="107"/>
<point x="977" y="107"/>
</points>
</Connector>
<Connector class="oracle.dbtools.crest.swingui.logical.TVRelation" oid="F701338B-1FE7-587B-1798-DF3EADB4F304" otype="Relation" vid_source="8D8CDAD1-C2A4-E8EC-E538-B989B79F969E" vid_target="7C1FFF51-5C78-F4FA-C544-B9F6E519599F">
<hideElementsInCurrentOnly>false</hideElementsInCurrentOnly>
<backgroundColor>-16777216</backgroundColor>
<lineWidth>1</lineWidth>
<sourceLabel class="oracle.dbtools.crest.model.design.Label">
<site>0</site>
<labelBounds x="402" y="250" width="73" height="30"/>
<noBackgroundColor>true</noBackgroundColor>
<noForegroundColor>true</noForegroundColor>
</sourceLabel>
<targetLabel class="oracle.dbtools.crest.model.design.Label">
<site>2</site>
<labelBounds x="402" y="226" width="18" height="30"/>
<noBackgroundColor>true</noBackgroundColor>
<noForegroundColor>true</noForegroundColor>
</targetLabel>
<points>
<point x="402" y="182"/>
<point x="402" y="270"/>
</points>
</Connector>
</connectors>
</Diagram>
