<?xml version = '1.0' encoding = 'UTF-8'?>
<FKIndexAssociation class="oracle.dbtools.crest.model.design.relational.FKIndexAssociation" directorySegmentName="seg_0" id="613E63A3-4ED0-91C9-9073-FA247C5126F4" containerWithKeyObject="62B3D385-61F6-4410-AF26-BD1283B1AF05" localFKIndex="BBF7AAD0-A8AC-15A4-01D1-FAF7A06801EA" name="ROLE_STAFF">
<createdBy>mabo0003</createdBy>
<createdTime>2021-09-14 13:37:30 UTC</createdTime>
<generatorID>771C34F9-BFDF-D6B4-EA95-3D2243C1A16F</generatorID>
<ownerDesignName>model</ownerDesignName>
<referredTableLongName>Role</referredTableLongName>
<deleteRule>NO ACTION</deleteRule>
<referredTableID>CCCF24F0-A174-F2C6-6C59-F4B97CC43D0F</referredTableID>
<keyObject>9F736A74-6B85-775A-0B20-B47E521978E5</keyObject>
<referredKeyID>9F736A74-6B85-775A-0B20-B47E521978E5</referredKeyID>
<mandatory>true</mandatory>
<refColNames>role_id</refColNames>
<transferable>true</transferable>
<rely>false</rely>
<columnDependencyConstraintGenerateInDDL>true</columnDependencyConstraintGenerateInDDL>
</FKIndexAssociation>
