<?xml version = '1.0' encoding = 'UTF-8'?>
<FKIndexAssociation class="oracle.dbtools.crest.model.design.relational.FKIndexAssociation" directorySegmentName="seg_0" id="9B0E4E5B-1786-51AD-684D-690A909C3BE4" containerWithKeyObject="62B3D385-61F6-4410-AF26-BD1283B1AF05" localFKIndex="E2F93630-D608-071B-FD11-996BDD918066" name="CENTRE_STAFF">
<createdBy>mabo0003</createdBy>
<createdTime>2021-09-14 13:37:30 UTC</createdTime>
<generatorID>9322F491-477D-DE68-221B-541CD8996487</generatorID>
<ownerDesignName>model</ownerDesignName>
<referredTableLongName>Fitness_Centre</referredTableLongName>
<deleteRule>NO ACTION</deleteRule>
<referredTableID>A26B5A98-189D-9E6D-F8DA-A8C724D42CF8</referredTableID>
<keyObject>A073EC11-81EB-87A3-1376-FACDFAF790C9</keyObject>
<referredKeyID>A073EC11-81EB-87A3-1376-FACDFAF790C9</referredKeyID>
<mandatory>true</mandatory>
<refColNames>centre_id</refColNames>
<transferable>true</transferable>
<rely>false</rely>
<columnDependencyConstraintGenerateInDDL>true</columnDependencyConstraintGenerateInDDL>
</FKIndexAssociation>
